gene,mean_abs_shap,rf_importance
mt-Atp6,0.007613991035071564,0.030927058706906384
mt-Co2,0.006235473226754513,0.025678625961064287
Rpl32,0.0062174634521284635,0.01794277594426988
S100a6,0.006064170543637756,0.017185145404035845
mt-Co1,0.0058334312749536285,0.019966601495942263
Elf3,0.00535432279370936,0.0164420820126161
Vim,0.0053156134661344395,0.014407823107681532
Tmsb10,0.005256103126948405,0.013781688866209715
Rpl23,0.0051005042568634,0.015001421379637234
Akr1c19,0.005086290857114047,0.01371946685604728
mt-Co3,0.005035984993850375,0.017995809689921077
Aqp1,0.005032375295855581,0.015285510035290863
Clu,0.004962377315186401,0.015175971588664593
Ngf,0.00486928777318224,0.01965269109256557
Rps27a,0.004664684534268236,0.01270253512848652
Sptssb,0.004537224771178145,0.011480336947943204
Nkx2-3,0.004243524044397846,0.013294789729507055
Rps12,0.004103198760504817,0.013039979607509206
Lgals1,0.0040993200964091255,0.009765131057640713
mt-Cytb,0.003732598681639328,0.015533593976968258
Rplp0,0.0037209619271882785,0.010257217884010099
Car8,0.0037115557822261684,0.010880646739890946
Fxyd3,0.0036451145791983213,0.010827918879873132
Rps8,0.003495506388473536,0.010967975656193622
Eef1a1,0.003418772335598502,0.009994531970837418
Rpl41,0.003368116509546636,0.009425476415849537
Gm42418,0.0033298138154491405,0.008925362136690474
Muc1,0.0033292568225738563,0.010759068505009016
Rps2,0.0031854137220398114,0.00916082052376969
Apoe,0.0030549829628105348,0.009171689139329111
Dynap,0.0029630469528746507,0.009318695157566932
H2afz,0.002906217259610809,0.011797762368498723
Tpt1,0.0027828853669281763,0.00869492425182761
Spp1,0.0026125995106956188,0.008808451888729106
Ctse,0.0026007219739852517,0.009398435205074971
Tm4sf20,0.0025922474017896777,0.007517006241771412
Fth1,0.002568006439597751,0.012436397885730647
AC167229.1,0.002532496146659438,0.009218676547953173
Car2,0.0024669231444316916,0.007235792722787992
Sult1c2,0.002440965810988988,0.007196312716054746
Mmp10,0.0024109126514999216,0.01044284054861941
Snhg18,0.002253819616077824,0.006877209795907524
Tmsb4x,0.0021308795299785147,0.00774010606206984
Ggct,0.0021273728155566537,0.007632944475641903
Phlda2,0.0021197619972653198,0.00570857452407611
Sfn,0.002104099717305253,0.006993240059891086
Serpinh1,0.0020769384249591165,0.006595114722151868
Wnt4,0.0020365893009540973,0.006994831748473755
Cyp3a13,0.001969601893953287,0.005856939462572096
Crip1,0.0018856580019945134,0.008514428542391962
Tmem45b,0.0018412139972192815,0.004677552825203218
Ces2g,0.0017846325031666726,0.006065037398628321
Dmbt1,0.0017235185746785622,0.005075423111385387
Hist1h1c,0.0017156953633807954,0.00405944260407272
Tmem37,0.0017133388939080615,0.004817887999475354
Gstt1,0.0017040758694192918,0.005440233723590646
Neat1,0.0016357092561011608,0.005605619302667408
Rflnb,0.0015722178017475623,0.004213536262270108
Sult1d1,0.0015521319413437928,0.004141027843101651
Rrm2,0.001522969723459637,0.005427424150702682
Bnip3,0.0015032248216911579,0.005261814717189881
Hsp90ab1,0.0014332732971540129,0.0064683721681602965
Tnfsf9,0.001350949687274579,0.004071594530397887
Cfi,0.0012690837974034127,0.003823197930644075
Chchd10,0.0012493647331777958,0.003305760045085296
Slc40a1,0.001202804176416829,0.003423229683986833
Hist1h2bc,0.0011353517117639689,0.003138104061346327
Aspa,0.0011178273253226825,0.002968622968123955
Ppp1r1b,0.0011011853528509932,0.003792084926753047
Arl14,0.0010760019379093759,0.0029021271163086923
Actb,0.001043803239741119,0.004924379673542744
Mxra8,0.0010101699708963802,0.004291367926450301
Timp3,0.0010062195367523837,0.0029109842745040663
Tnfaip6,0.0009741954721609106,0.0035246743934489026
Serinc2,0.0009326272096605945,0.0030818561434495227
Epcam,0.000907065288750213,0.003266115759377832
4930461G14Rik,0.0009049586369483847,0.0031705147475612665
Sqle,0.0008994180339989109,0.0034325889775201303
Plpp1,0.0008793432144365699,0.0021747365291554096
Eps8l3,0.0008746956691035363,0.0024306506246889823
Mal,0.0008637958879253599,0.003466088712470241
Prom1,0.0008547008521551871,0.002642549549698203
Pglyrp1,0.0008344295405224429,0.0019840412316974687
Cbs,0.0008290248145549005,0.0034839276057033607
Ly6a,0.0008264512817560652,0.003459170198552332
Timp1,0.0008236506190237309,0.00278686233548074
Malat1,0.0008023098641292081,0.005771511267541337
Lrrc26,0.0007579427019433407,0.002276469291224028
Tm4sf5,0.0007513471556980042,0.0020232954000524183
F3,0.0007458240364930102,0.0029542942581361076
Birc5,0.0007348239644639769,0.0040810679986952115
Gstm2,0.0007207400595605971,0.002649316359817311
Ereg,0.0007102309978807049,0.002391546113516717
Atad2,0.0006888789375201004,0.002534495421032315
Pdzk1ip1,0.0006703270425871988,0.002019185573117112
Acp5,0.0006680974711887368,0.0019807915578166583
Tmem158,0.0006575938808574025,0.002410562274531001
Prl2c2,0.0006538201832065469,0.0014914963982186596
Cftr,0.0006520275345765907,0.002368242233575844
Isg15,0.0006469766337197339,0.0016795665974819066
Barx2,0.0006333660594911824,0.0018861476550454319
Il18,0.0006070221848229313,0.0017133735251514885
Creld2,0.0006065024700386549,0.0024608394329101134
Col5a1,0.000602430574295061,0.002266689374140867
Cym,0.0005892341273140999,0.0018651109054921085
Mmp13,0.000584095854819619,0.002008102081833078
Otop3,0.0005782276834531281,0.0020846676182913002
Hspa1a,0.0005703893369077935,0.0016744218165406866
Has1,0.0005602784368765072,0.002088400825405487
Cybb,0.0005560372385049514,0.0016277843272085742
Hebp1,0.0005522581989434236,0.001355786392306394
Cenpa,0.0005464075908209316,0.002403705804033844
Rbp2,0.0005454131876684611,0.002419935703205105
Ero1l,0.0005321124088302987,0.002604983465308016
Cdca8,0.0005277718657585621,0.0027322802871878305
Cyp2s1,0.0005236973545813048,0.001656209663793524
Aldh1a1,0.0005229862878366502,0.0017456057123585833
Sparc,0.000508139367451219,0.002189832399587307
Ckb,0.0004925590459109046,0.0012673895057165251
Col6a2,0.0004843417792233789,0.0011327387299302375
Cenpf,0.00047274491324975873,0.0018415767750054293
Smpdl3a,0.000451839049239197,0.0012722225173221558
Knl1,0.00043071215446642227,0.0020988952921118104
Ambp,0.00041934572268625194,0.0014972320222906685
2210407C18Rik,0.00039927496542088676,0.0016922591835205713
Gdf15,0.0003984191245960725,0.0016332675748945659
Asns,0.0003872176149773923,0.0010770326469795694
Racgap1,0.0003800648719320715,0.0020141617828033052
Gkn1,0.0003670859615112734,0.0015047568706910782
Ccnb2,0.00035724543187898593,0.002093304324718884
Tnip3,0.0003572269260985557,0.0008533853619082997
Npl,0.00034265600607162833,0.0011390415784348093
Cenpe,0.00033953512702691315,0.002109221345300496
Nrk,0.00033224923260287344,0.0013512395075124652
Ptpn18,0.00032954744793600493,0.001346893939541083
Il6st,0.0003235019373295146,0.0009168941920937032
C4b,0.00032256766122815665,0.0009608591304753185
C1qc,0.0003126824005993813,0.0013735295236691639
Gsta3,0.00030973111449193345,0.001113361575332724
Gsta1,0.0003054764513546059,0.0008547716625208374
Atf5,0.00030501142129603294,0.0007122360394495038
Bcl2a1b,0.00030486243464007223,0.0007324036208988407
Gfpt2,0.0003029338810000239,0.0009502279552949551
Lyz2,0.000300255281280511,0.001074320103073728
Mki67,0.0003001666874094726,0.0018567465555018245
Utp14b,0.0002982577657847754,0.0014960598512017073
Ect2,0.0002912433903018006,0.0011028293457665348
Cdkn3,0.00029068898170287773,0.001478817933463074
Abca1,0.0002886015122927041,0.0007750183755143931
Sprr1a,0.000284691181161922,0.0016847659759755625
Cdca3,0.000274151676126445,0.0015405677232866245
Spc24,0.0002636137476680559,0.0011493617633478426
Fam46a,0.00026320375119346696,0.0010784125853376563
Ankrd37,0.000262269870378926,0.0012754372310089255
Serpina7,0.0002615274157873107,0.002076340108525492
Gjb4,0.00025978491742541465,0.00096790108657991
Ptprb,0.0002586714526191233,0.0006489360838204568
Snhg12,0.00025324090315819884,0.0019582493981128773
Pgf,0.00024497709779743514,0.0007256133813910048
Anln,0.0002422712162835833,0.0014546799644424573
Cd55,0.0002418109246019128,0.0007239258747105199
1700012B09Rik,0.00024159279053382417,0.000823833893212455
Trem2,0.00023840363119396324,0.0008230125891009895
Gc,0.00023735643491104778,0.0012643191165049334
Arhgdib,0.00023150164605378692,0.0006559500991083696
Ccnb1,0.00022781077388324183,0.0008883951933989967
Ccna2,0.00022199150019294413,0.0010804307208718963
Fam213a,0.00022181190536406362,0.0017974868344104538
Csf2rb,0.00021692016236228394,0.0008066717681863241
Krt23,0.00021579588306697367,0.0005959804328745716
Gas6,0.00021340041158436808,0.0007129195127513596
Hmmr,0.0002133439860645632,0.0015465328448193295
Csf2,0.00021286770105685893,0.0007882212383096262
Fabp5,0.0002112930555751197,0.0004372099152321924
Serpine1,0.00021083148452096765,0.0013208009244791872
Tacc3,0.00020184026108545795,0.0015077636776699643
Cd68,0.00019851899415285134,0.0005941256200791476
Cxcl14,0.0001963022714479514,0.0006442754773072416
Mcpt2,0.00019127340089994933,0.0005154902108990885
Bub1,0.00019014783180383116,0.0014618789183541145
Thbs1,0.00018872246545331407,0.0009125626999397559
Scd1,0.00018538285443502945,0.0005257644247758954
Ctgf,0.00018357463861693496,0.000756148105223535
Cdk1,0.00018246650889087405,0.0007723171031107992
Sirpa,0.0001805728863249358,0.0007799834954309902
Ifi207,0.00017984230449868903,0.000548199795961734
Csf1r,0.0001795413398978637,0.0008908005763996731
Top2a,0.0001779914456403288,0.0005942985257525104
Fcgr1,0.00017675427638020312,0.0004798355532524029
Gkn3,0.00017663590492622542,0.00043678447924507625
Hmox1,0.00017595275278635173,0.0011140987388933955
Smc2,0.00016860646516462637,0.0008294230147663831
Ckap2l,0.00016829499323108075,0.0009949369136758848
Emilin2,0.00016651907716173377,0.0008096727360009018
Serpinb5,0.00016554578488820395,0.0007759611504366053
Gm2a,0.00016352874733178754,0.0009091655262801675
Gm20186,0.000160939993213486,0.0011066714525536055
Aebp1,0.0001606045093256613,0.0008237047758383103
Gkn2,0.00015955320378926622,0.0005307518583289089
S100a14,0.00015518485118706332,0.0005041448523578012
Gngt2,0.00015485832439474199,0.0005408661841141892
Ccl6,0.00015339212947890622,0.0005491552255066494
C1qb,0.00015230188513737104,0.0005078309654937659
Glod5,0.00015206719257411543,0.0006221885340178323
Unc93b1,0.00015142013132439728,0.00032728090914154156
Rcn3,0.0001506042569124013,0.0004973498142389023
Mafb,0.00014645723968046497,0.000310609214113899
Il33,0.00014561862733903752,0.0005932529149768756
Lifr,0.00014506920997746383,0.0005881729105028016
Sdc2,0.00013949167648634738,0.0008262636900313728
Ube2c,0.00013647328325604491,0.000702868695128629
Cxcl5,0.00013617206184036846,0.000693927061557514
Lockd,0.00013537858464284205,0.0011856635441591583
Tceal8,0.00013530598781294156,0.0006346092194124242
Anxa10,0.00013483465280234437,0.0007194453283699454
Tpx2,0.00013423015317872718,0.0007959584807638834
Ly6c1,0.00013227947747235667,0.0006367988766305887
Ncam1,0.0001322767002007858,0.0009095292481251987
Nrep,0.00013081090495017136,0.0007266129485628156
Shcbp1,0.00012426492931901016,0.0006757451173733918
Plod2,0.00012377384254660845,0.0005082759512411498
Fabp2,0.0001226732922162906,0.0004391748414293529
Prl2c3,0.0001221253678268348,0.0006690813667162691
Aldh3a1,0.00012164748394483665,0.0005056792852526548
Prc1,0.00012050375719515812,0.0006754551107697715
Clec4a2,0.00011797349424498258,0.0005131465616969801
Epsti1,0.00011766903698760714,0.0003134622169188664
Plk1,0.00011495568795146038,0.000790359039073019
Irf8,0.00011436329293555306,0.0003207525485590302
Plxdc2,0.00011414833898948815,0.00041618206796546525
Sgo2a,0.00011411209266176924,0.0005539499930425335
Gng11,0.00011234084300629673,0.0004077524377046755
Rapgef5,0.00011229432518727638,0.0006190569348842406
Samsn1,0.0001117247630634937,0.00029356096547794537
Fcgr3,0.00011156775491597173,0.0003610578286252685
Has2,0.00011034343922106498,0.0003931621830012488
Fst,0.00010985443359941224,0.000794008116083944
Cxcl2,0.00010896282109240028,0.00035684841086547597
Cldn6,0.00010831191664070576,0.00028031635809493637
Mgarp,0.00010787157023204435,0.0005199552454513344
Slc7a11,0.00010748086536040328,0.0003611566925322565
Pclaf,0.00010641244089591275,0.0008981597518834403
Hells,0.00010463931653008316,0.0007023742895497418
Mmp23,0.00010425211088073327,0.00027369289931794837
Rgs2,0.00010390877063361792,0.0006505755462669271
Jam2,0.00010344105238754013,0.0005374246617524433
Itgb2,0.00010321480724824346,0.00038225080023157474
Tff2,0.00010308310522103221,0.00028057722163611176
Epas1,0.00010206582508992579,0.0003935517807632107
Fbln1,0.00010121658627037551,0.0003265107150618971
Egln3,0.00010107245739436712,0.0007076973985082114
Try5,0.0001010502499373356,0.000838473346064698
Lhfp,0.00010023358835015682,0.0005325714519742404
Ankrd1,0.00010018295191079828,0.0006885123588410269
Tk1,9.973017905805764e-05,0.0006350929689234872
Pld4,9.768490385554147e-05,0.0005576462422309776
Gm26802,9.687290075831785e-05,0.0004057774789760314
Nusap1,9.588814026651994e-05,0.0004036188845496166
Mcm5,9.472621576778239e-05,0.00037292545272760836
Psph,9.295210551845586e-05,0.0006450386029428845
Mdk,9.218626247525246e-05,0.0005198270570667061
Stab1,9.146446912443997e-05,0.0004581724419212905
Aadac,9.018517457210839e-05,0.00017987226311834574
Adgrf5,8.965714228149023e-05,0.0003370325607368514
Cxcl17,8.926855445519402e-05,0.00034391877848555545
Apol9a,8.77858945736723e-05,0.0007679913876221754
Hist1h2ap,8.553041533798241e-05,0.0004188003489592011
Htra3,8.428653549928429e-05,0.0005275413455555783
Cdc23,8.334576741071724e-05,0.00041784258370171123
Ass1,8.279579729969142e-05,0.00017523835965369068
Mpeg1,8.175195517711614e-05,0.0002189517535623872
Sulf1,8.172596044921386e-05,0.00033966943151261445
Pbk,8.132533429284865e-05,0.0003023381041160838
Ms4a4b,8.123131469630773e-05,0.0006602833555450862
Ckap2,8.118418194780928e-05,0.00040181781818399175
Col3a1,8.10824813561285e-05,0.0005577035587758256
Ramp3,8.045681454198633e-05,0.00033950765212459306
Wnt10a,8.040562112455687e-05,0.0005768720228164987
Arhgap29,7.849742052256335e-05,0.0003691733439247259
Il5ra,7.706450579629107e-05,0.0005600472606044985
Ptgs2,7.5269231254592e-05,0.0008739955571352258
Slc43a3,7.409889990834804e-05,0.0003564039381705688
Cd300c2,7.331253157130698e-05,0.00019080117382145584
Olfml3,7.285644208028482e-05,0.0004830686542297897
Pimreg,7.13840329159553e-05,0.00042265721812670485
Car9,7.080596490916611e-05,0.0004913377288750536
Macrod2,6.997008581266613e-05,0.0006013968192097566
Laptm5,6.992324251001958e-05,0.00035217164084496095
Hist1h2ae,6.924706726324437e-05,0.0006831537347182602
C4bp,6.918454309355348e-05,0.0003696977623064369
Kif11,6.88904751035726e-05,0.00042960974464071
Rgcc,6.87296952055663e-05,0.00045269506538167395
Mcpt8,6.80512991946183e-05,0.0004188537884998615
Nr4a3,6.760809050181844e-05,0.0004782623468076003
Col14a1,6.609639358046286e-05,0.0002796956459529599
Ccdc80,6.450863920900979e-05,0.0003116476036270624
Col1a1,6.417207679994316e-05,0.00021490598277642888
Calcrl,6.407655584447014e-05,0.00023599665374796723
Mgll,6.344175959541661e-05,0.00032746667860932905
Kcne3,6.259582969070274e-05,0.000133658885752293
Clec4n,6.215459306277105e-05,0.0001247258786796745
5430416N02Rik,6.161200790491935e-05,0.00027110275523374675
Tlr2,6.140343847229205e-05,0.00020620379976891683
Tff1,6.07698601972002e-05,0.0004311010675020057
Cd200,6.076135700293939e-05,0.0002138504331485737
Myl9,6.060406517549741e-05,8.920067009989732e-05
Col15a1,5.9708516103042076e-05,0.00040634265440025086
Il1rn,5.967747457526031e-05,0.00037587432701886267
Incenp,5.930011282528933e-05,0.0003669544448245417
Hist1h1e,5.8481664274837506e-05,0.00019534294075525548
Mcpt1,5.84156621242623e-05,0.00034797690120738834
Crabp2,5.810665157463193e-05,0.00028254271343951395
Ms4a8a,5.7059398509454694e-05,0.00032006549677630165
Cd74,5.7037808307994895e-05,0.0002210383069440865
Hpx,5.638418132840599e-05,0.0003419953437775575
Snai1,5.614635115656342e-05,0.0003016329431069108
Ddit3,5.6089931770110834e-05,0.00029210667990352284
Grem1,5.317510450135447e-05,0.0002305898876679745
Gpx3,5.2610557836674076e-05,0.0002900696213485925
Csf3,5.226597042440784e-05,0.0003791476102327598
Ccr1,5.1573847752616854e-05,0.000282455195626002
Pthlh,5.1319283367817845e-05,0.0004694862293646738
Colec12,5.073340074373601e-05,0.00020531753597790025
Kif20b,5.04432281426485e-05,0.00024344027886429392
Ms4a6c,5.0119833727137756e-05,0.00025640422966643816
Sema6a,5.0006633087645427e-05,0.000255383873781209
Fstl1,4.995686604872218e-05,0.00020552754708024054
Ms4a6d,4.963945778557932e-05,0.00014351294523489547
Mmp3,4.9476795363888756e-05,0.00044036429630939694
Spink4,4.925122838025651e-05,0.000240052723306697
Cdc20,4.912238388551995e-05,0.000379141775947733
Ly86,4.9039794178852424e-05,0.00016386987327906473
Adh7,4.861390233544679e-05,0.00016344796666573977
Tmem45a,4.830489145609735e-05,0.00020961308992637845
Wt1,4.796348021539088e-05,0.000229725728450639
Aqp5,4.756390555444575e-05,0.00011724593878947652
Gzme,4.709874217599144e-05,0.00029017155338765106
Tubb3,4.701356035015769e-05,0.00027383367082117516
Tgfbi,4.605690746535381e-05,0.0002570683441295355
Cep55,4.576190676753773e-05,0.0002689199523759525
Hist2h2ac,4.54460255817184e-05,0.00013875619512580792
Itgam,4.509602727270216e-05,0.0001182972807968486
Dcn,4.4240088210206795e-05,0.00029074407488538994
Ctla2a,4.375688177396234e-05,0.0003835259881327799
Tppp3,4.361107295564098e-05,0.0001850956546963908
Bgn,4.344755334585773e-05,0.0003483599886459452
Ivl,4.284560802412987e-05,0.0002999220781661919
Aspm,4.266090222010528e-05,0.0004005262869022664
Fcgr2b,4.219418042261761e-05,0.0002389380908926983
Adamts4,4.1981719286193416e-05,0.0001707091884462087
Ncf4,4.145806746726112e-05,0.00015942633720947606
Dlc1,4.136562934682014e-05,0.0002504609472546875
Gbp2,4.0869793195299906e-05,0.000313229309100001
C3ar1,3.990599180290184e-05,0.0002923128979026712
Hp,3.975957294393579e-05,0.00010162431731678706
Muc5b,3.961592189562849e-05,0.00015476013731996133
Ccl3,3.924319655340917e-05,0.00021532973696076054
Sgo1,3.869021974185571e-05,0.00032480322095134145
Cadm4,3.8516081023706064e-05,0.00017709314116962077
Csf2ra,3.802259040520728e-05,0.00011238868160263197
Krt79,3.7965619995251475e-05,0.0002571624669703659
Lif,3.756640024018104e-05,0.0002660504494158265
Akap6,3.731901415718733e-05,0.00019541849094327677
Marco,3.723675145313262e-05,0.0001861603012443517
AC125141.3,3.705936740574443e-05,0.0003561487545226244
AA467197,3.681164767870626e-05,0.0002551882228876487
Gpx8,3.609177214805699e-05,0.00017904402767533035
Wfdc17,3.584397300082103e-05,0.0001376166055577741
Cd93,3.578294232807478e-05,0.00014625940334206847
Col5a2,3.4794353178299756e-05,0.00022603810822303374
Adm,3.464461619996557e-05,0.0002477128732473861
Mcpt4,3.4425479195034723e-05,0.0002392144789360239
Rhoj,3.428429077901979e-05,0.0001747776365264776
Igf1,3.4040390528190616e-05,0.0002598493107917946
Tnc,3.403778336762419e-05,0.00024869875071336115
Ccrl2,3.4016296777019254e-05,8.852904428894596e-05
Rarres2,3.3495793408359896e-05,0.0001840139994065952
Adam23,3.314675451906653e-05,0.00016817117882323581
2010109I03Rik,3.233639384938611e-05,0.0003119161506991504
Fibin,3.187100511975609e-05,0.00017564866084178275
Cryab,3.1822103841425945e-05,0.0002461030349184346
Serping1,3.1448966991950815e-05,0.00010792389716304567
Cthrc1,3.137645333758862e-05,0.00015656343087967374
Reg1,3.104557040083804e-05,0.00011304431560894032
Il2rb,3.0863812342142154e-05,0.0003557252578960291
Trbc1,3.0836450784643704e-05,0.00020975799080713838
Ccl4,3.063448485528703e-05,0.0001387601631242993
Agt,3.0391427357755223e-05,0.0002716111915410515
Pycard,3.0061180846321485e-05,0.0002608351406709427
Piezo2,2.997169813017957e-05,0.00013503450058723857
1700099I09Rik,2.968887154636755e-05,0.00034659711196661754
Ccl7,2.9650772075200904e-05,0.00023103369940163246
Fzd1,2.9257298583543474e-05,0.00014375844113191007
Iigp1,2.9207752974051898e-05,0.00017769412400216747
1810032O08Rik,2.8133065987455564e-05,0.00024368380041172143
Rasl11a,2.803546037100963e-05,0.0002037082998447661
Angpt1,2.801722891417682e-05,0.00015132762288255525
Wfdc3,2.773816567399506e-05,0.00015894459480177286
Krt14,2.716655932147438e-05,8.041028138238753e-05
F8,2.7157208605700067e-05,0.00013218335369833727
Rspo3,2.6981268676064152e-05,0.00017383007723195803
Ccl9,2.681425788131186e-05,0.00011579115937238905
Ly6g,2.656582850648514e-05,0.00014056881124218282
Rab3b,2.5959874364437478e-05,8.833667960511977e-05
Egfl7,2.592203928607201e-05,0.00011263073521418837
Sgpp1,2.53326749535621e-05,0.00018612183304307525
Cyp2c68,2.512916638833313e-05,0.00020861363202875164
Gbp3,2.4931116732414258e-05,0.00014167889298759889
Gpr183,2.4853422307521053e-05,0.00019628480593001163
C1s1,2.465549921777327e-05,9.524295611573401e-05
Trib3,2.4650853163447834e-05,0.0001710246581534583
S1pr1,2.4289631231227208e-05,0.00023348467523921266
Eng,2.4229244277788902e-05,0.00010036126959590147
Col1a2,2.415728033339333e-05,0.0001467089793942576
Cilp,2.408190688824112e-05,0.00023853125071686637
Cx3cr1,2.3932203677959712e-05,0.00012244402255767072
Gpihbp1,2.3923186716354415e-05,0.00013352728681895553
Adgre1,2.3660089794812882e-05,3.6860652996884236e-05
Lsp1,2.3184694863806018e-05,0.00012605006500059632
Rbms3,2.2911040200316185e-05,0.00014660930964470145
Lama3,2.282972139323283e-05,0.0002072140611841732
Clec4a3,2.27930457829589e-05,4.151304541274082e-05
Ndufa4l2,2.2563073057532572e-05,0.00015528118170077807
Cxcl10,2.2363168824112956e-05,0.0001428366194976677
Enpp2,2.203810733082649e-05,0.00019278401537323525
Tceal3,2.202662534153354e-05,0.0002287933034048512
Cytip,2.1982154134403314e-05,0.00012869212118469454
Muc5ac,2.1941337861945678e-05,0.00016338340848060672
S100g,2.1903467663645772e-05,7.075164931727814e-05
Sdc3,2.1540611455414706e-05,0.00013464569739900765
Ctrb1,2.1345106615177962e-05,3.920234110418741e-05
Rnase2a,2.1253501004627583e-05,0.0001542773590641836
Igfbp6,2.1236324493907796e-05,0.00017015796465462847
Slc39a8,2.0924536234369274e-05,5.269060720839327e-05
Mfap5,2.0558048665555718e-05,8.388599299976266e-05
Il11,1.9899192825643206e-05,0.00013334983597919453
Slfn9,1.989505899895759e-05,0.00014002779498870747
Osr1,1.9891620775219304e-05,0.00016355060539108879
Cyyr1,1.9796864194950737e-05,4.9177284468337765e-06
Cd86,1.978573674380995e-05,0.0001417749324554135
Gm13305,1.9690897522424463e-05,0.00010423878256657038
Psmb11,1.9562647109567012e-05,0.0002257692573940487
Trem1,1.9507318408125446e-05,0.00013215736981107867
Cr2,1.9458789262129163e-05,0.00022613200934420874
Lypd8,1.9201140326743435e-05,6.97920401376252e-05
Tgfb2,1.9120116730725976e-05,0.0001613199781213991
Selp,1.907763937507092e-05,0.00016287301095024352
Malt1,1.890682222150044e-05,8.640158769339879e-05
Tmigd1,1.879530094571697e-05,9.745086074754599e-05
Hsd3b1,1.861043553815697e-05,0.00016953385552395602
Vwa1,1.8601057075211148e-05,9.400762242539174e-05
Hbb-bs,1.8423524610149534e-05,0.00014026538275107602
Fcgr4,1.8418507175275046e-05,9.601337332467783e-05
Tbc1d4,1.8369942006713878e-05,8.116987547763704e-05
Slc9b2,1.8081086256054872e-05,0.00018352135749426885
Ccl11,1.7995831371605768e-05,7.647850250224993e-05
Apoa1,1.7833735052942975e-05,0.00010716009718214815
Pdpn,1.7594534959972077e-05,0.00010940170126540908
Bmper,1.756780964446164e-05,0.0001352447625160251
Col8a1,1.754320182250183e-05,0.000121319317402351
Nts,1.742322894258405e-05,7.727324395247033e-05
H2-DMa,1.7409783483154743e-05,0.00015919230707869234
Ndnf,1.723930884883822e-05,6.849728334604763e-05
Cpxm1,1.715444043216568e-05,2.5401395283239574e-05
Klra5,1.70606446926787e-05,0.0001777209071345662
Crispld2,1.6749084929591827e-05,0.00017277776959065785
Crlf1,1.6713513446688887e-05,9.547491302110879e-05
Aif1,1.6704909969651823e-05,2.1652734955970217e-05
Ankrd55,1.6677917452049278e-05,8.950861773131357e-05
Cxcl3,1.6568703964335085e-05,0.00026782410374009724
Hist1h4d,1.65071330468341e-05,0.00012418250430930173
Icam2,1.6442914486704535e-05,0.0001888826492968725
Slurp1,1.6347604928427288e-05,0.00011411974571702065
Gm3776,1.6309825056228e-05,0.00022906445066099405
Ifit3,1.6287673032324274e-05,5.718228545561263e-05
Chl1,1.601042615700727e-05,8.913913130501684e-05
Slc15a3,1.562275088347355e-05,3.1008302898141734e-05
Sirpb1c,1.5609465762225882e-05,6.151745479780383e-05
Reg3b,1.5564110347447287e-05,7.155356600130772e-05
Aldh1a2,1.5296476725844257e-05,9.603355862816999e-05
Gm47112,1.5292695007049015e-05,0.00014885221994433113
Sugct,1.5234401794430894e-05,0.00012594046805361966
Wisp2,1.515941398152848e-05,0.00013680657131136956
Itga4,1.4980027319459712e-05,8.323303765763426e-05
Rasip1,1.4881684374137361e-05,8.307015122667157e-05
Mmrn2,1.4834861484847223e-05,7.830711730390324e-05
Ltbp2,1.4709158647237153e-05,0.00016772831827940865
Mmp2,1.4685226767822696e-05,9.25101800093328e-05
S100a9,1.4599217809492082e-05,7.166476869983355e-05
Dpcr1,1.4564684423731653e-05,0.00010932978970153204
Lce1g,1.4538352862821294e-05,0.00015223411912319875
Emilin1,1.4468935761187934e-05,8.376329979237082e-05
Saa3,1.4321118432469502e-05,6.427849393277043e-05
Col6a3,1.4315468532091603e-05,8.80589896569214e-05
F13a1,1.4086725649788276e-05,5.075567769060439e-05
Gm11766,1.4085824075913455e-05,0.0001386596530645756
Acta2,1.4052818278504704e-05,0.00013425862360913831
2610528A11Rik,1.3869165799088154e-05,5.4437708343757714e-05
Clca3a2,1.3783664348398513e-05,8.941463539404315e-05
Akap12,1.3778942278831396e-05,5.2251868410355234e-05
Aurkb,1.3668794373431396e-05,4.6471810909186767e-05
Gm17315,1.3648728946814711e-05,0.00014040701855247303
Adamts5,1.3503403770812264e-05,6.593665373384515e-05
H19,1.3380111459805558e-05,0.00018075920166029446
Cd34,1.3343952914407295e-05,0.000100055513828647
Gpx2,1.3225677888487453e-05,9.458574301531315e-05
Gpr150,1.3214838454657055e-05,0.00019375178567428963
Lgi2,1.3136299952926247e-05,5.101726051119215e-05
Itm2a,1.3076349719606628e-05,7.713519584753539e-05
Rgs5,1.3055980147076899e-05,4.227228540739983e-05
Nlrp3,1.3051259316097391e-05,6.501498577191443e-05
Phgr1,1.299547341761754e-05,0.00012768547836528325
Msr1,1.2850007847168269e-05,5.873020716995766e-05
Pzp,1.2793125446595837e-05,3.5062964865815884e-05
Hba-a1,1.2781023045289788e-05,3.826082145702268e-05
Emb,1.2656519954981748e-05,5.4357682943411426e-05
AC161165.2,1.244999927633018e-05,0.00011404793663357078
Wfdc21,1.2432724242492383e-05,4.156477593332083e-05
Mgat4c,1.221438980503137e-05,3.8506289510644814e-05
Igfbp2,1.206630267921317e-05,7.492005552584307e-05
Pdgfra,1.2013806914346533e-05,0.000150305359477177
Arg1,1.1975325577738494e-05,9.700574881584774e-06
Clca1,1.1887687228012334e-05,0.00015053545847414272
Gm30382,1.1817024502599553e-05,0.00013597294557957893
Cyp2d10,1.1783656200752999e-05,7.199819330451023e-05
Ppbp,1.1758877826991493e-05,0.00011189053931181655
Ccl20,1.1682003803730684e-05,5.740412436115069e-05
Alpi,1.1505321285966633e-05,8.301388131472665e-05
Angptl8,1.1389121915047792e-05,2.7772007389834775e-05
Napsa,1.1352124806912983e-05,6.733718176878532e-05
Pgc,1.1286858172849279e-05,8.93603085693545e-05
Spc25,1.1260071571659571e-05,0.00012170095799642686
Mt3,1.1229516386432863e-05,4.846998485259802e-05
Flt1,1.1182989781449918e-05,0.00010552164817241842
Ttn,1.1173696897053922e-05,5.603940675182134e-05
Ccl8,1.1004259073836774e-05,8.828875348950791e-05
Aurka,1.0956688794797295e-05,5.170197995461748e-05
Ifi27l2a,1.0945572432776713e-05,9.541293029180214e-05
Thbd,1.0849508428127362e-05,4.3841645214861346e-05
Cnn1,1.0849386489366461e-05,8.580123462215963e-05
Prex2,1.0820707792193153e-05,4.397779661988246e-05
Stc1,1.0708556708956987e-05,0.0001073667552278518
Itga2b,1.0587039243598328e-05,3.0598944668478093e-05
Ccl21a,1.0425139281216785e-05,9.01804675817807e-05
Armcx4,1.0405225209694505e-05,8.309613474800491e-05
Hcn4,1.0367866309032378e-05,0.00010178144618705652
Il4i1,1.036131865724765e-05,0.00011680126757571898
Sele,1.0353185239731597e-05,0.00013038945527543396
H2-Aa,1.0204223265306915e-05,5.9747486816427673e-05
Alpl,1.0136682547802055e-05,0.0001046323549733206
Ankrd34a,1.0080077153681754e-05,0.00010842767475523149
Lcn2,1.0025438226246921e-05,4.539041827268429e-05
Tln2,9.90903850982952e-06,9.20140374880338e-05
Cela2a,9.880143578977699e-06,3.5108187236692076e-05
Rcn1,9.87929222270082e-06,6.480066343937099e-05
Hist1h3c,9.872424100542527e-06,2.7999849371309706e-05
Hsd3b6,9.85639024368099e-06,4.14123443953457e-05
G6pc,9.715332686865841e-06,0.0001259305493655444
Matn4,9.694566954682646e-06,0.0001010405336619769
Kcnv2,9.488357729127041e-06,9.814514326974435e-05
Chil3,9.327322893859625e-06,4.10238042696261e-05
Ifit1,9.18616932789575e-06,1.6679788153004907e-05
Cyp2c55,9.155563872007657e-06,3.645224338427006e-05
Ifit3b,9.10509527912401e-06,4.9591492686975405e-05
Ctf2,8.738269905732863e-06,5.509155482621123e-05
Btbd18,8.688798426595455e-06,0.000105783528981561
Bcl2a1a,8.643875721837102e-06,2.303965123390866e-05
Gzmc,8.63447084142451e-06,0.0001393775286045577
Agr2,8.633408414303284e-06,9.222804905225791e-05
Islr,8.576862841924712e-06,2.1810217188765846e-05
Il6,8.56699639141411e-06,6.576247574923486e-05
Cxcl15,8.47779934756701e-06,8.403324317475224e-05
Il1r2,8.466999106481372e-06,3.8922129684143386e-05
Rsf1os2,8.423726596336064e-06,8.581020776230835e-05
Sprr2a3,8.386262666255148e-06,1.4195221699256081e-05
Edn2,8.38270783994062e-06,5.025343595383697e-05
Fmo2,8.369901660490099e-06,2.20505758777261e-05
Pdzrn3,8.359797873520348e-06,5.8056407318023556e-05
Gm30873,8.346683849660656e-06,0.00012848146008120445
Ahsg,8.321195495696526e-06,7.958119789536678e-05
Try4,8.251993924539312e-06,6.629777694749631e-05
Atp6v0d2,8.251761722279219e-06,4.374079114148741e-05
Fgfr1,8.175088680369265e-06,3.434852386390774e-05
Tnf,8.173780665935223e-06,0.0001167853055904305
Cxcl13,8.172711850719437e-06,4.025318573940056e-05
Cd300a,8.172014172948345e-06,3.0105021170809775e-05
Adgrl4,8.094688475590082e-06,1.746282227671763e-05
Cyp1b1,8.0917698106585e-06,1.955258291404219e-05
Gabbr2,7.98119287283858e-06,0.0001071952298783697
Hcar2,7.948714738169038e-06,8.812705103441245e-05
Esam,7.940150178886252e-06,2.8843124755503137e-05
Hsd11b1,7.938920023123643e-06,7.696495061145242e-05
Uchl1,7.904934645630856e-06,5.8293763211854154e-05
Mxra7,7.900628132756133e-06,4.927094299374326e-05
Star,7.852397146668821e-06,2.3816941498339296e-05
Lrp2,7.809053493275296e-06,2.471123100062458e-05
Ugt2b37,7.75759656046154e-06,0.00011801545289593296
Ltc4s,7.723582682467103e-06,1.9049414629962346e-05
Reg2,7.629873633572864e-06,9.017685399353299e-05
Lyve1,7.5515314583520066e-06,8.332137331912321e-05
G0s2,7.548542132296311e-06,4.327506956240768e-05
Ramp2,7.525528809334396e-06,7.502444418433138e-05
3100003L05Rik,7.501061124359855e-06,0.00010746638414244042
Ccl12,7.495164990574068e-06,2.368937620496046e-05
Stab2,7.4749705319213156e-06,2.901388184342909e-05
Eln,7.469085170196857e-06,7.703836822796588e-05
Chst2,7.3630771983349816e-06,3.311965202710615e-05
Mmp9,7.324773933914089e-06,6.2501776785249694e-06
Reg3g,7.219620707237022e-06,3.6765738946625363e-05
Espnl,7.216669182021462e-06,8.171501325115298e-05
Slfn5,7.213026197698054e-06,5.0840656838408426e-05
Kdr,7.147751106773545e-06,5.976843930859917e-05
Ano7,7.134005725260451e-06,8.606268048562362e-05
Des,7.0996470999933465e-06,5.634575386155246e-05
Kdm4d,7.07822085582229e-06,8.758257941961526e-05
Flrt2,7.063118232721735e-06,3.3218867925705535e-05
Gstm3,7.058920645514858e-06,5.7751506504443866e-05
Ces2c,6.904882718690268e-06,2.9111149977086685e-05
Hmcn2,6.8897133051976684e-06,6.749353974153223e-05
Svep1,6.869024646023297e-06,7.349274295127122e-05
Cygb,6.865060124996432e-06,3.37811349987926e-05
Gm17039,6.826944784293713e-06,0.00010331586393846825
Ehd3,6.818809910510652e-06,5.9900199383892405e-05
1700125H20Rik,6.7513872162966475e-06,3.568193402127047e-05
Gm15691,6.736788820361146e-06,9.071057465580572e-05
Ednrb,6.722355085957965e-06,2.5356889565378e-05
Apoc4,6.674864185949558e-06,3.638382498139133e-05
Il31ra,6.6747207007944465e-06,9.098789088113429e-05
F530104D19Rik,6.659491517313091e-06,7.358800734607298e-05
Actg2,6.65459468014581e-06,3.629850744722367e-05
Sprr2b,6.643708336564716e-06,9.017135272211905e-05
Olfr545,6.551110688539787e-06,8.074876547198027e-05
Serpinb9b,6.513963405923459e-06,2.9614563831384283e-05
March11,6.39154688551857e-06,6.317702611319511e-05
Cd248,6.378099740145285e-06,4.1879876074947765e-05
Cldn10,6.365085950884251e-06,6.242528819890688e-05
Prss23,6.2951352210241504e-06,4.732508128022741e-05
Ermap,6.283766393593013e-06,6.376979294452478e-05
Prss2,6.254478605564465e-06,4.1654995223653534e-05
Pou4f1,6.249638900853372e-06,5.429014139989837e-05
Ctsk,6.221946604659653e-06,2.9991109842142968e-05
Bean1,6.2145463744494546e-06,6.877483550273155e-05
Cela3b,6.1976617368095815e-06,3.256215215683966e-05
9330175M20Rik,6.178407825305156e-06,4.0208132887663e-05
Cyp7b1,6.1466716220407894e-06,2.307097582376815e-05
Gm19265,6.145055699131768e-06,4.395021496089266e-05
Serpinf1,6.046504449083216e-06,3.0030092382914702e-05
Plvap,6.033179956439789e-06,4.71926379506067e-05
Gpm6a,6.000269795991083e-06,4.146720625473215e-05
Cldn5,5.975520173300449e-06,6.740155780417481e-05
Cldn18,5.963121161222016e-06,2.0616243361932962e-05
Mgp,5.938817906167494e-06,3.5604538324616345e-06
Gm36380,5.931569998323715e-06,9.309691511576771e-05
Rbp7,5.913173471365278e-06,4.4776440264957954e-05
Gm35835,5.899164619496987e-06,5.2750476653979546e-05
Fabp4,5.886717477386292e-06,1.3716763151032743e-05
Cd209e,5.821714094915077e-06,6.606437126479276e-05
Guca2a,5.725288995044307e-06,5.014115910061587e-05
Hrc,5.69542931558304e-06,7.837575855673263e-05
Aplnr,5.682545203837464e-06,6.438403602653019e-05
Runx3,5.588361148628094e-06,3.52054641774199e-05
Lin7b,5.585343712912677e-06,9.591753699896146e-05
Derl3,5.583180330183317e-06,2.8490900650944632e-05
Flnc,5.552596258036569e-06,1.3382995895177509e-05
Kcne4,5.526351583058229e-06,3.481171235519789e-05
Nr5a1,5.465042186827023e-06,0.00010509800281591618
Gm15860,5.441536193876381e-06,6.362901932959016e-05
Mmp19,5.43490616861698e-06,8.251209497205867e-05
Itgae,5.281508662010811e-06,6.129851485869129e-05
Calb2,5.230998163659198e-06,5.3064194254368686e-05
Il23a,5.223723399796379e-06,2.141969522373434e-05
Ovol1,5.22227053418472e-06,6.0417007109613436e-05
Gm45515,5.187655255116182e-06,7.411013731539772e-05
Lrg1,5.1799297194534795e-06,1.2584001573360445e-05
Cfap46,5.12380663378258e-06,5.7915095867174364e-05
Olfr279,5.109473989086321e-06,6.840653289979509e-05
Pkhd1l1,5.029824228007045e-06,6.3520340769761655e-06
Cbfa2t3,4.975601637454801e-06,3.076646773068351e-05
Atp1a4,4.955406225693501e-06,3.72712367498341e-05
Dio2,4.886722256625674e-06,5.745462966075354e-05
Slc17a2,4.864764482326881e-06,4.776902136493487e-05
Tas1r1,4.831501159370498e-06,4.393450786203777e-05
Gm34066,4.820722829493911e-06,4.465468974934868e-05
AL591952.1,4.8161586686575815e-06,5.4965712918680226e-05
Rgs4,4.790255612630918e-06,2.529396280020127e-05
Krt17,4.790220403510292e-06,7.081988863402258e-05
Ms4a4c,4.781129991316492e-06,6.239548975160253e-05
Cited1,4.711404120961773e-06,7.368905444310693e-05
Gstt4,4.700108378202502e-06,6.932623715894506e-05
Akr1b7,4.699865745037156e-06,6.184344296246999e-05
AC154200.1,4.6976142133516046e-06,6.641487284838061e-05
Ly6g6f,4.665478934106767e-06,3.811361898638095e-05
Gm45924,4.641294386754131e-06,6.328436217942505e-05
Crct1,4.59215346207003e-06,4.941950866350551e-05
Gm26574,4.589505970620295e-06,6.526241669170332e-05
Gm39526,4.581079577263811e-06,1.5507370883058063e-05
Prdm14,4.580558013282284e-06,7.176849322499536e-05
Pnlip,4.486432180283008e-06,5.1621515601862894e-05
Coro1a,4.4799371554233245e-06,1.666320443390086e-05
Klkb1,4.35175174579518e-06,3.6133665349897954e-05
Lum,4.300939972611941e-06,5.2192010614395936e-05
Folr2,4.264836256045686e-06,2.901165183980449e-05
Prg4,4.2573855852687015e-06,1.621789535104989e-05
Itih4,4.243639283188321e-06,1.649212904351515e-05
F7,4.172542408758867e-06,2.096183521365757e-05
Pth2r,4.106210415975501e-06,5.4039185739896576e-05
Gja4,4.092221925827151e-06,4.7846897097221374e-05
Kif27,4.090861100991541e-06,4.322009941802275e-05
Grb10,4.084764578974982e-06,1.149616433212726e-05
Fndc1,4.038332569188886e-06,2.6351854536114615e-05
Cntn2,4.037140869300638e-06,2.8268183749337717e-05
Ltf,4.027865973441587e-06,1.1913166341369011e-05
L1td1,4.021884496389036e-06,4.867542511795037e-05
Gm10647,4.0201959703973885e-06,6.643728799754644e-05
Rarres1,3.981738390345738e-06,3.0711415666541996e-05
Vmn1r184,3.98148206582814e-06,8.373545337387937e-05
Gm31282,3.974657038197404e-06,4.503298836425415e-05
Lrrn4,3.889354685902081e-06,4.388217338724199e-05
9130213A22Rik,3.861925990259025e-06,4.4650259951633164e-05
Hspb8,3.840048676993124e-06,1.8450088271856948e-05
Pltp,3.7832558308186484e-06,3.056335848026164e-05
Oit3,3.782518596484308e-06,3.0829050979530336e-05
Ifi44,3.754688472562836e-06,5.0058673622772e-05
Col5a3,3.7064187974957676e-06,7.573100024063557e-06
1700003I16Rik,3.704357370017722e-06,3.5017959353491315e-05
Serpina1c,3.700005640828185e-06,4.556235411682601e-05
Rasl2-9,3.684103223440028e-06,3.847454260328392e-05
Gzmb,3.674138154684313e-06,5.3273180374627896e-05
Steap4,3.636212237684985e-06,5.032343602696412e-05
Cntnap2,3.6323015851211804e-06,4.300006997192495e-05
Nnat,3.6318217762083078e-06,5.049180436031706e-06
Dnah11,3.6196637665446798e-06,4.478119767694249e-05
Ccr9,3.599994046539928e-06,4.1097173998641304e-05
Tacr2,3.5884941432360694e-06,5.3925326196264366e-05
2010308F09Rik,3.5827280253637023e-06,6.758639312150609e-05
Osm,3.5557337024444926e-06,1.0449097706861759e-05
Cpb1,3.538815445753175e-06,4.311244819288677e-05
Cd72,3.514770675130681e-06,3.050492767032447e-05
Elane,3.5014667445973246e-06,4.703161658512638e-05
Cd8a,3.4842303206144948e-06,5.293025140942409e-05
Clps,3.4725189162167644e-06,2.322199938129495e-05
Pcdh17,3.452034893505811e-06,6.258240554845572e-06
C5ar1,3.442604080939727e-06,4.437686457414068e-06
Tdrd9,3.3768338180096774e-06,4.117743520393327e-05
Zfp804a,3.359913607264753e-06,3.053817772275672e-05
C86187,3.3501243143620666e-06,4.7991707767963014e-05
Aldob,3.3311669952016987e-06,1.3062683200216303e-05
Gm26576,3.326403913063882e-06,4.348975999964141e-05
Rln1,3.310637477238911e-06,3.495634790061535e-05
S100a8,3.288545541726317e-06,2.2748753031976225e-05
Nlrp2,3.267881713691577e-06,3.2619728737474404e-05
Esco2,3.246517990578273e-06,1.0701001597993617e-05
Lrrc74b,3.222358237889012e-06,2.7988674364144716e-05
Ccdc83,3.216083563283311e-06,6.383807347276208e-05
Clec3b,3.207701381434478e-06,1.333111010958944e-05
Nkd2,3.0861040386310637e-06,1.9166975552606093e-05
Blk,3.082662012532751e-06,3.853831092079645e-05
Prf1,3.0399435754488056e-06,6.988209036684186e-06
Krt86,3.0202820842138745e-06,1.1495142630441215e-05
Gm49189,3.0175383581733406e-06,3.211868968161307e-05
Slpi,3.0155872090378586e-06,4.259601919117061e-05
Defb48,3.0142783244405683e-06,4.774073038419182e-05
Cxcl9,3.0123243395453777e-06,6.876169415258719e-06
Cd209f,2.9963623407197277e-06,3.7753524543666263e-05
Hbb-bt,2.989355136431235e-06,2.1594135053318243e-05
Cfp,2.9860777253230745e-06,1.9858994673321388e-06
Kcnj8,2.939703859772536e-06,1.248378739569441e-05
Tmem190,2.9396285937075843e-06,4.558484627107405e-05
Ptx3,2.9396130385554764e-06,2.222013057385246e-05
Fcna,2.924201178452325e-06,2.5914356509977165e-05
Gimap4,2.918508229157715e-06,1.709178644746627e-05
Gm15169,2.884192589834993e-06,3.652069187025126e-05
1700003E16Rik,2.8510406832521966e-06,4.486792539908961e-05
Il18bp,2.814636417104154e-06,2.3742197526206336e-05
Kcnf1,2.7828593575717226e-06,5.250750936156163e-05
Atp1b4,2.764725740490614e-06,1.2545851521581461e-05
Tagln,2.721460345821629e-06,2.3253775081303046e-05
4930471C06Rik,2.6859298727298975e-06,2.0840384346664996e-05
Ldhb,2.684561766035809e-06,2.0798351097134177e-05
Lhx2,2.677559963274244e-06,3.762103500540418e-05
Bcl2l14,2.6670929642984255e-06,2.5164417491399238e-05
Rora,2.659579832424727e-06,3.5114867629346333e-06
Myo1g,2.6555299626105256e-06,6.68347838329567e-05
Sftpd,2.640737912775258e-06,2.720125289685978e-05
Slit3,2.6001813783365233e-06,6.609479008981431e-06
Scn5a,2.5957720820953225e-06,3.7675282677070973e-06
Csn2,2.57395823492253e-06,2.0369186964725302e-05
Reg3a,2.5731993865912657e-06,2.343630490439162e-05
Tnn,2.5727777369533744e-06,2.966967509928697e-05
Rgs16,2.571693462379615e-06,2.6476716669350687e-05
Ifit2,2.5152068074883406e-06,3.301888940525586e-05
Ocstamp,2.4959406292747076e-06,1.982255593916515e-05
Myct1,2.4926281234357537e-06,2.509430349657584e-05
Lpl,2.4632496122604156e-06,3.9293803918966476e-05
Gm48444,2.446522577559943e-06,2.294346256851775e-05
Asphd1,2.429595522338105e-06,1.9122241932939276e-05
Serpina1b,2.413910235003501e-06,2.0678173618840775e-05
Ptn,2.4131907063811915e-06,2.7583930566820436e-05
Olfr1369-ps1,2.395716070144913e-06,2.0851766763444324e-05
Cyp26a1,2.339647054507954e-06,2.3111578375885494e-05
Smlr1,2.260427759798688e-06,2.379772303642126e-05
Pnliprp1,2.2377305905442e-06,2.201334108423368e-05
Gm9999,2.2156676146718105e-06,2.232441018339461e-05
Olah,2.2082577369493207e-06,2.6648011533181778e-05
Mageb3,2.1909012324373878e-06,1.8483054027020507e-05
1500015O10Rik,2.189816905143359e-06,7.828088206747208e-06
Barx1,2.1600172371503435e-06,1.3434546113275695e-05
Dusp2,2.1179598492981126e-06,2.1896162776602678e-05
1810010D01Rik,2.1097282369733084e-06,1.0325974058989861e-05
Mpig6b,2.0899835310639078e-06,1.6507794123603437e-05
Gm14412,2.070076868834997e-06,2.483452015566533e-05
Slc2a2,2.0645673753677656e-06,2.510907915769762e-05
Myh10,2.0422204248168706e-06,1.581343961396829e-05
Nppb,2.0421387742524045e-06,3.2429002351714544e-05
Sorbs2os,2.025351921345203e-06,2.3184482649184928e-05
Slc15a1,2.0237889853720518e-06,2.1097841838737363e-05
Fbxo43,2.0084672483156694e-06,2.14812711854451e-05
Samd3,1.993225759704296e-06,2.0233225784885543e-05
Sult1b1,1.9887318285898864e-06,1.7850396736173177e-05
Fcrls,1.983998586817862e-06,2.0555908604171623e-05
Ms4a7,1.9779181457242803e-06,2.8492158732167887e-05
Col24a1,1.9412557183983507e-06,2.5046598129279857e-05
Olfr1260,1.9301990374687573e-06,2.7329212059726277e-05
8030423F21Rik,1.9244221483461523e-06,3.504666963840221e-05
Gm42695,1.9108797673017654e-06,2.1267800313151804e-05
Kcne1l,1.9027433250819932e-06,2.7036541883481663e-05
Krt76,1.902291355491232e-06,2.1046773879660767e-05
2610300M13Rik,1.890996191208633e-06,2.4453617663263683e-05
Gm19619,1.888019519488396e-06,2.3806071638834027e-05
Themis3,1.8803860462804001e-06,2.3781983217205354e-05
Map6d1,1.8768407237740238e-06,3.107116640276398e-05
Cadps,1.8761033625337267e-06,2.4481311248743645e-05
Fbxl13,1.8746084370470356e-06,2.4001645111793123e-05
Dpep3,1.8544807620577597e-06,1.848296671815185e-05
Adamts2,1.8474977999891594e-06,2.2997809889185708e-05
Ccl5,1.8465494694221974e-06,2.54661420403574e-05
Rtl1,1.834456848024938e-06,1.7405751642149045e-05
Apoa2,1.8137716586411809e-06,4.8040012628543655e-06
Akr1c18,1.7584989537431078e-06,3.176295534208565e-05
Pnpla1os,1.753345892871586e-06,2.570934658175297e-05
Olfr857,1.7530124013340414e-06,4.830200477259702e-06
Pecam1,1.7401439405172644e-06,2.4083527029819606e-05
Cyp2f2,1.723354222105025e-06,1.5707343216597813e-05
Tac2,1.6656453304279292e-06,4.886151980987271e-06
Sparcl1,1.664722394088852e-06,1.6542227319781968e-05
Asb4,1.6589295603348524e-06,1.993241039818146e-05
Rnase1,1.6355301072696588e-06,1.96505001719524e-05
Map3k19,1.5975555281329708e-06,1.746419280420436e-05
Rgs1,1.546753580522658e-06,4.992064863742668e-07
Plet1,1.496840791899672e-06,2.5890301921433473e-05
Emcn,1.4161414621189515e-06,2.248900285126392e-05
Cox6a2,1.3969605321927471e-06,1.3882382361317665e-05
Hist1h1b,1.2631741860266197e-06,1.8900776132895202e-05
Podn,1.2461442857832512e-06,1.3837566203892714e-05
Krtap4-16,1.161807197761861e-06,1.6036817842109865e-05
Ckmt1,1.1429266578027148e-06,8.567239181433874e-06
Meg3,1.1318435268193543e-06,1.8268928774741904e-05
Wnt16,1.1315512687840022e-06,1.2596367014508988e-05
Edaradd,1.082085295279416e-06,8.213314811634034e-06
Kazald1,1.0707208642813287e-06,7.628140475086512e-07
Gimap6,9.502919024150243e-07,9.997922660340516e-06
Col12a1,6.413884484846546e-07,4.557480853619673e-06
Ebf1,4.511070092843732e-07,2.7874129184760553e-07
Il1a,2.1892762092933018e-07,1.1832040845836107e-07
Gm26706,0.0,0.0
Chil1,0.0,0.0
Lmod1,0.0,0.0
Gm4793,0.0,0.0
Cacna1s,0.0,0.0
A430106G13Rik,0.0,0.0
Atp6v1g3,0.0,0.0
Cfhr1,0.0,0.0
Fmod,0.0,0.0
S100z,0.0,0.0
Dmgdh,0.0,0.0
Bhmt,0.0,0.0
Thbs4,0.0,0.0
Acot12,0.0,0.0
Hapln1,0.0,0.0
3110006O06Rik,0.0,0.0
Irx2,0.0,0.0
Ube2ql1,0.0,0.0
Gm10037,0.0,0.0
F630042J09Rik,0.0,0.0
Gm49064,0.0,0.0
Cntnap3,0.0,0.0
Fbp1,0.0,0.0
Ctsj,0.0,0.0
F13b,0.0,0.0
Gm26594,0.0,0.0
Lce1f,0.0,0.0
Sprr1b,0.0,0.0
Sprr2k,0.0,0.0
Gm11377,0.0,0.0
Hus1b,0.0,0.0
Prl2c1,0.0,0.0
Prl7d1,0.0,0.0
Dcdc2a,0.0,0.0
Hist1h2bp,0.0,0.0
A530099J19Rik,0.0,0.0
F12,0.0,0.0
Unc5a,0.0,0.0
Gm48623,0.0,0.0
Gm48336,0.0,0.0
Serpinb1b,0.0,0.0
Wnk2,0.0,0.0
Gm33195,0.0,0.0
Cd83,0.0,0.0
Gm32401,0.0,0.0
Elovl2,0.0,0.0
Gm26688,0.0,0.0
Gm4035,0.0,0.0
Eci3,0.0,0.0
Serpinb6c,0.0,0.0
Serpinb9g,0.0,0.0
1700014D04Rik,0.0,0.0
Spata31d1a,0.0,0.0
Ntrk2,0.0,0.0
Gm10782,0.0,0.0
Cfhr2,0.0,0.0
Aspn,0.0,0.0
Gm266,0.0,0.0
Aspg,0.0,0.0
C6,0.0,0.0
C7,0.0,0.0
C9,0.0,0.0
Gm805,0.0,0.0
Mmrn1,0.0,0.0
Smyd1,0.0,0.0
Mcidas,0.0,0.0
Tacr1,0.0,0.0
Clec4f,0.0,0.0
Lrrc55,0.0,0.0
Gm13715,0.0,0.0
Olfr1034,0.0,0.0
Olfr1124,0.0,0.0
Olfr1258,0.0,0.0
5430427M07Rik,0.0,0.0
Sftpb,0.0,0.0
Necab3,0.0,0.0
Fam83c,0.0,0.0
Vstm2l,0.0,0.0
Arhgap40,0.0,0.0
Tox2,0.0,0.0
Rims4,0.0,0.0
Ranbp3l,0.0,0.0
Prlr,0.0,0.0
Lbhd2,0.0,0.0
Serpina10,0.0,0.0
Serpina1d,0.0,0.0
Serpina1a,0.0,0.0
Serpina3b,0.0,0.0
Serpina3g,0.0,0.0
Serpina3k,0.0,0.0
Serpina3n,0.0,0.0
D430019H16Rik,0.0,0.0
Dio3,0.0,0.0
Agxt2,0.0,0.0
Gm35279,0.0,0.0
Gm30411,0.0,0.0
2810403G07Rik,0.0,0.0
Cd5l,0.0,0.0
Sh2d2a,0.0,0.0
Bglap3,0.0,0.0
Bglap2,0.0,0.0
Rab25,0.0,0.0
Gm19951,0.0,0.0
S100a5,0.0,0.0
Sprr2h,0.0,0.0
Car14,0.0,0.0
Gzma,0.0,0.0
Esm1,0.0,0.0
4921509O07Rik,0.0,0.0
Gm17509,0.0,0.0
Gas1,0.0,0.0
Gm20652,0.0,0.0
Fbln5,0.0,0.0
9330161L09Rik,0.0,0.0
Ppp4r4,0.0,0.0
Ccl28,0.0,0.0
Gm46323,0.0,0.0
Gm38407,0.0,0.0
Gm4425,0.0,0.0
Gm47997,0.0,0.0
Gm26531,0.0,0.0
Rsad2,0.0,0.0
Colec11,0.0,0.0
Slc26a3,0.0,0.0
Prps1l1,0.0,0.0
Gm48236,0.0,0.0
Gm34304,0.0,0.0
Clec14a,0.0,0.0
Tmem30b,0.0,0.0
Galnt16,0.0,0.0
Gm17746,0.0,0.0
Sit1,0.0,0.0
Wfdc18,0.0,0.0
Car4,0.0,0.0
Bcas3os2,0.0,0.0
Ppm1e,0.0,0.0
4732414G09Rik,0.0,0.0
Cavin4,0.0,0.0
a,0.0,0.0
Chgb,0.0,0.0
Ankef1,0.0,0.0
Ovol2,0.0,0.0
9230104L09Rik,0.0,0.0
Syndig1,0.0,0.0
Zfp345,0.0,0.0
Nanp,0.0,0.0
Tmem74b,0.0,0.0
1700026D11Rik,0.0,0.0
Tdrd5,0.0,0.0
Gm28694,0.0,0.0
Pappa2,0.0,0.0
Tnfsf18,0.0,0.0
Fasl,0.0,0.0
2810442N19Rik,0.0,0.0
Gm11527,0.0,0.0
Gm11205,0.0,0.0
Ccl19,0.0,0.0
Asic2,0.0,0.0
Asb17os,0.0,0.0
Tnni3k,0.0,0.0
Penk,0.0,0.0
Mmp16,0.0,0.0
Ankrd6,0.0,0.0
Pm20d2,0.0,0.0
Aqp7,0.0,0.0
9130204K15Rik,0.0,0.0
6330403K07Rik,0.0,0.0
Pitpnm3,0.0,0.0
Zpbp,0.0,0.0
Gm12002,0.0,0.0
Vstm2a,0.0,0.0
Ccdc85a,0.0,0.0
Hbq1b,0.0,0.0
Trpv3,0.0,0.0
Kcnip1,0.0,0.0
4930469K13Rik,0.0,0.0
Adra1b,0.0,0.0
Il12b,0.0,0.0
Timd2,0.0,0.0
Havcr1,0.0,0.0
Timd4,0.0,0.0
Flt4,0.0,0.0
Hba-a2,0.0,0.0
Tusc5,0.0,0.0
Foxn1,0.0,0.0
Vtn,0.0,0.0
Rab11fip4os1,0.0,0.0
Gm39822,0.0,0.0
Gria1,0.0,0.0
Olfr318,0.0,0.0
Trim17,0.0,0.0
Alox15,0.0,0.0
Dnah9,0.0,0.0
Tmem238l,0.0,0.0
Mfsd6l,0.0,0.0
Shbg,0.0,0.0
Cldn7,0.0,0.0
Asgr2,0.0,0.0
Mgl2,0.0,0.0
Clec10a,0.0,0.0
Mfap4,0.0,0.0
Cd300lg,0.0,0.0
Nags,0.0,0.0
Slc4a1,0.0,0.0
Rprml,0.0,0.0
Gm11716,0.0,0.0
Cd300ld3,0.0,0.0
Galr2,0.0,0.0
Fam163a,0.0,0.0
Cd2,0.0,0.0
Kcnd3,0.0,0.0
Slc6a17,0.0,0.0
Gm35065,0.0,0.0
Gm15551,0.0,0.0
9830132P13Rik,0.0,0.0
Egr4,0.0,0.0
Nat8f3,0.0,0.0
BC018473,0.0,0.0
Cd160,0.0,0.0
Gja5,0.0,0.0
Spag17,0.0,0.0
Pitx2,0.0,0.0
Col25a1,0.0,0.0
Slc9b1,0.0,0.0
Fscn2,0.0,0.0
Gm11789,0.0,0.0
St6galnac5,0.0,0.0
Cbr2,0.0,0.0
Cd7,0.0,0.0
Fn3k,0.0,0.0
Gm47695,0.0,0.0
Akr1c6,0.0,0.0
Gng4,0.0,0.0
Tcrg-C4,0.0,0.0
Sfrp4,0.0,0.0
Gcgr,0.0,0.0
Krtap1-5,0.0,0.0
Krtap17-1,0.0,0.0
Krt42,0.0,0.0
Gast,0.0,0.0
0610031O16Rik,0.0,0.0
F2,0.0,0.0
Syt13,0.0,0.0
Trp53i11,0.0,0.0
Nat8f2,0.0,0.0
Mpo,0.0,0.0
Elobl,0.0,0.0
Nog,0.0,0.0
Tmem100,0.0,0.0
Nxph3,0.0,0.0
Hmcn1,0.0,0.0
Gm29290,0.0,0.0
Cacna1e,0.0,0.0
Cd207,0.0,0.0
Asprv1,0.0,0.0
Gm44036,0.0,0.0
Gp9,0.0,0.0
Uroc1,0.0,0.0
Lmcd1,0.0,0.0
Cav3,0.0,0.0
Syn2,0.0,0.0
Timp4,0.0,0.0
Krt27,0.0,0.0
Gm15688,0.0,0.0
Wdr63,0.0,0.0
4930503B20Rik,0.0,0.0
AI115009,0.0,0.0
Arl5c,0.0,0.0
Ikzf3,0.0,0.0
Gsdma,0.0,0.0
Ccr7,0.0,0.0
8430408G22Rik,0.0,0.0
Cps1,0.0,0.0
4933417E11Rik,0.0,0.0
Tmem169,0.0,0.0
Igfbp5,0.0,0.0
H2-Ab1,0.0,0.0
Eef1a2,0.0,0.0
Nudt10,0.0,0.0
Bex4,0.0,0.0
Gm26771,0.0,0.0
Zcchc18,0.0,0.0
Alas2,0.0,0.0
Klf8,0.0,0.0
Ppef1,0.0,0.0
Gja6,0.0,0.0
Scml2,0.0,0.0
Egfl6,0.0,0.0
2700069I18Rik,0.0,0.0
Bex1,0.0,0.0
Scg2,0.0,0.0
Serpine2,0.0,0.0
Col4a3,0.0,0.0
A030014E15Rik,0.0,0.0
Cd70,0.0,0.0
Lama1,0.0,0.0
Olfr90,0.0,0.0
H2-M2,0.0,0.0
Gm19585,0.0,0.0
Adgrf1,0.0,0.0
1700071M16Rik,0.0,0.0
Tdrd6,0.0,0.0
1600014C23Rik,0.0,0.0
Slc22a7,0.0,0.0
Treml1,0.0,0.0
Tspo2,0.0,0.0
Unc5cl,0.0,0.0
Ptchd4,0.0,0.0
Ecel1,0.0,0.0
Ugt1a8,0.0,0.0
Ugt1a2,0.0,0.0
Gm29336,0.0,0.0
Otos,0.0,0.0
Gal3st2c,0.0,0.0
Pdcd1,0.0,0.0
Pde10a,0.0,0.0
H2-Eb1,0.0,0.0
Smoc2,0.0,0.0
Thbs2,0.0,0.0
Vmn2r96,0.0,0.0
Gm26753,0.0,0.0
Kremen2,0.0,0.0
Ptx4,0.0,0.0
1700034I23Rik,0.0,0.0
Retnla,0.0,0.0
Plg,0.0,0.0
H2-Q1,0.0,0.0
Gm9573,0.0,0.0
Tpsb2,0.0,0.0
Cacna1h,0.0,0.0
Gng13,0.0,0.0
Ip6k3,0.0,0.0
4930539E08Rik,0.0,0.0
Gm16191,0.0,0.0
Nppc,0.0,0.0
Pi16,0.0,0.0
Abcg1,0.0,0.0
Tff3,0.0,0.0
Cryaa,0.0,0.0
Cyp4f15,0.0,0.0
4931413I07Rik,0.0,0.0
H2-DMb2,0.0,0.0
H2-DMb1,0.0,0.0
Gm16194,0.0,0.0
Magix,0.0,0.0
4930444P10Rik,0.0,0.0
Sbspon,0.0,0.0
Zcchc12,0.0,0.0
Gm14549,0.0,0.0
Sh2d1a,0.0,0.0
Dcaf12l1,0.0,0.0
Apln,0.0,0.0
Gm14322,0.0,0.0
Ms4a3,0.0,0.0
Ncr1,0.0,0.0
2210010C04Rik,0.0,0.0
3830403N18Rik,0.0,0.0
F9,0.0,0.0
Slitrk4,0.0,0.0
Slitrk2,0.0,0.0
Xlr3b,0.0,0.0
Ifit1bl1,0.0,0.0
Cc2d2b,0.0,0.0
Gm47936,0.0,0.0
Akr1d1,0.0,0.0
Msc,0.0,0.0
Trbc2,0.0,0.0
Tmem139,0.0,0.0
Gimap3,0.0,0.0
Aoc1,0.0,0.0
Bmp15,0.0,0.0
Npy,0.0,0.0
Gm26677,0.0,0.0
Gal,0.0,0.0
Catsperz,0.0,0.0
Zdbf2,0.0,0.0
Ppp1r42,0.0,0.0
Emx2os,0.0,0.0
Emx2,0.0,0.0
Gpnmb,0.0,0.0
Pcdhb15,0.0,0.0
Spink1,0.0,0.0
Lvrn,0.0,0.0
Lox,0.0,0.0
Fbn2,0.0,0.0
A730017C20Rik,0.0,0.0
Chsy3,0.0,0.0
Gpc3,0.0,0.0
Vsig4,0.0,0.0
A630095N17Rik,0.0,0.0
Drp2,0.0,0.0
Bex2,0.0,0.0
Tnnc2,0.0,0.0
Ptgis,0.0,0.0
Gm14320,0.0,0.0
Gm14319,0.0,0.0
Pck1,0.0,0.0
Cxcr1,0.0,0.0
Zfp711,0.0,0.0
Dach2,0.0,0.0
Srpx2,0.0,0.0
Xkrx,0.0,0.0
Slc6a7,0.0,0.0
Pdgfrb,0.0,0.0
4930448D08Rik,0.0,0.0
Gm26676,0.0,0.0
Pcdhb4,0.0,0.0
Cyp2c67,0.0,0.0
Gm6594,0.0,0.0
Kcng3,0.0,0.0
Gtf2a1l,0.0,0.0
Gm16090,0.0,0.0
Mep1b,0.0,0.0
Asxl3,0.0,0.0
Syt4,0.0,0.0
Cndp1,0.0,0.0
Il12a,0.0,0.0
Gm1647,0.0,0.0
Sis,0.0,0.0
Tdo2,0.0,0.0
Npy2r,0.0,0.0
Rbm46,0.0,0.0
Lrat,0.0,0.0
Fgg,0.0,0.0
Retnlg,0.0,0.0
Fgb,0.0,0.0
Sfrp2,0.0,0.0
Scrt1,0.0,0.0
Apol7b,0.0,0.0
Csf2rb2,0.0,0.0
Sept3,0.0,0.0
Scube1,0.0,0.0
Dcstamp,0.0,0.0
Fga,0.0,0.0
Uts2b,0.0,0.0
Hrasls,0.0,0.0
1810041L15Rik,0.0,0.0
Mapk8ip2,0.0,0.0
Gm26760,0.0,0.0
AC109617.1,0.0,0.0
Gm49173,0.0,0.0
Ddn,0.0,0.0
Tmem114,0.0,0.0
Gm21917,0.0,0.0
Krt83,0.0,0.0
Hoxc10,0.0,0.0
Hoxc5,0.0,0.0
Hoxc8,0.0,0.0
Gtsf1,0.0,0.0
AC191865.2,0.0,0.0
Olfr15,0.0,0.0
Aqp2,0.0,0.0
Gm28590,0.0,0.0
Gm28856,0.0,0.0
Pigr,0.0,0.0
Il10,0.0,0.0
Gm19461,0.0,0.0
C1qtnf3,0.0,0.0
Npr3,0.0,0.0
9230109A22Rik,0.0,0.0
Aard,0.0,0.0
Snx31,0.0,0.0
Gm35248,0.0,0.0
Gdnf,0.0,0.0
Scgb3a1,0.0,0.0
Gm6525,0.0,0.0
Mab21l2,0.0,0.0
Defb25,0.0,0.0
Cox4i2,0.0,0.0
Tspyl5,0.0,0.0
Tnfrsf11b,0.0,0.0
Colec10,0.0,0.0
Gm46516,0.0,0.0
Gsdmc,0.0,0.0
Gsdmc4,0.0,0.0
Kcnq3,0.0,0.0
Lrrc6,0.0,0.0
Khdrbs3,0.0,0.0
2210011K15Rik,0.0,0.0
Ly6d,0.0,0.0
Ly6k,0.0,0.0
Postn,0.0,0.0
Ccdc169,0.0,0.0
Gpr171,0.0,0.0
Serpinb12,0.0,0.0
Serpinb2,0.0,0.0
Inhbb,0.0,0.0
Psca,0.0,0.0
5730596B20Rik,0.0,0.0
Inmt,0.0,0.0
Adcyap1r1,0.0,0.0
Ccdc129,0.0,0.0
Snca,0.0,0.0
1700064H15Rik,0.0,0.0
Lrrc31,0.0,0.0
Sox2,0.0,0.0
Cldn1,0.0,0.0
Slc25a31,0.0,0.0
Stfa3,0.0,0.0
Slc15a2,0.0,0.0
Upk1b,0.0,0.0
AC161607.1,0.0,0.0
Cd200r2,0.0,0.0
Btla,0.0,0.0
Gm15640,0.0,0.0
Mccc1os,0.0,0.0
G730013B05Rik,0.0,0.0
Abi3bp,0.0,0.0
Adgrg7,0.0,0.0
Chodl,0.0,0.0
2810407A14Rik,0.0,0.0
Mrap,0.0,0.0
D430001F17Rik,0.0,0.0
AC144408.2,0.0,0.0
Cpa1,0.0,0.0
Cldn14,0.0,0.0
AC165271.1,0.0,0.0
4933407L21Rik,0.0,0.0
2810459M11Rik,0.0,0.0
Kcnd2,0.0,0.0
Slc13a1,0.0,0.0
Tmem229a,0.0,0.0
1700095J07Rik,0.0,0.0
Gm26626,0.0,0.0
Stfa1,0.0,0.0
BC117090,0.0,0.0
BC100530,0.0,0.0
Stfa2,0.0,0.0
Grin2a,0.0,0.0
Rpl39l,0.0,0.0
Myh11,0.0,0.0
Efcab1,0.0,0.0
Cd96,0.0,0.0
Gp1bb,0.0,0.0
Iglc3,0.0,0.0
Hrg,0.0,0.0
Kng2,0.0,0.0
Kng1,0.0,0.0
Masp1,0.0,0.0
Trp63,0.0,0.0
Gm4524,0.0,0.0
Gsc2,0.0,0.0
Stmn2,0.0,0.0
4930539M17Rik,0.0,0.0
Car3,0.0,0.0
Gm16093,0.0,0.0
4930573C15Rik,0.0,0.0
Gm43332,0.0,0.0
D830026I12Rik,0.0,0.0
Cpn2,0.0,0.0
2010005H15Rik,0.0,0.0
Apod,0.0,0.0
AC161376.1,0.0,0.0
AC140186.1,0.0,0.0
Muc20,0.0,0.0
AC110166.2,0.0,0.0
Gm26838,0.0,0.0
Stfa2l1,0.0,0.0
Gm5483,0.0,0.0
Gm5416,0.0,0.0
Lrrc15,0.0,0.0
Gabra4,0.0,0.0
Kit,0.0,0.0
Gm43101,0.0,0.0
Gm19590,0.0,0.0
Hopx,0.0,0.0
Epha5,0.0,0.0
Tmprss11f,0.0,0.0
Gm12511,0.0,0.0
Gm16222,0.0,0.0
Fcnb,0.0,0.0
Gbgt1,0.0,0.0
1700001O22Rik,0.0,0.0
Gm34653,0.0,0.0
Ak9,0.0,0.0
Nr2e1,0.0,0.0
9030612E09Rik,0.0,0.0
Gm867,0.0,0.0
Olfr338,0.0,0.0
Gm13479,0.0,0.0
Olfr1358,0.0,0.0
Slc1a6,0.0,0.0
Prtn3,0.0,0.0
Cfd,0.0,0.0
Jsrp1,0.0,0.0
Gm16315,0.0,0.0
Gm15478,0.0,0.0
Gm16268,0.0,0.0
Pah,0.0,0.0
Spic,0.0,0.0
Ano4,0.0,0.0
Hal,0.0,0.0
Plxnc1,0.0,0.0
Cckar,0.0,0.0
Shisa3,0.0,0.0
1500009L16Rik,0.0,0.0
Tcf21,0.0,0.0
Eya4,0.0,0.0
Vnn3,0.0,0.0
Moxd1,0.0,0.0
Gm15271,0.0,0.0
Gm9767,0.0,0.0
9330159F19Rik,0.0,0.0
Clvs2,0.0,0.0
D030045P18Rik,0.0,0.0
Mfsd4b1,0.0,0.0
Gm16579,0.0,0.0
Ugt2b1,0.0,0.0
Npffr2,0.0,0.0
Alb,0.0,0.0
Pf4,0.0,0.0
Ccdc158,0.0,0.0
Fam57b,0.0,0.0
Col10a1,0.0,0.0
Grik2,0.0,0.0
Gm40645,0.0,0.0
Nepn,0.0,0.0
Gm40652,0.0,0.0
Pkib,0.0,0.0
Fabp7,0.0,0.0
Sh3rf3,0.0,0.0
Pla2g12b,0.0,0.0
Myb,0.0,0.0
Lrrtm3,0.0,0.0
1110002J07Rik,0.0,0.0
Slc34a2,0.0,0.0
Gm26793,0.0,0.0
Fgf15,0.0,0.0
Iyd,0.0,0.0
Plagl1,0.0,0.0
Il22ra2,0.0,0.0
Col13a1,0.0,0.0
Gm45370,0.0,0.0
Smim18,0.0,0.0
6430573F11Rik,0.0,0.0
Fgl1,0.0,0.0
F11,0.0,0.0
Enpp6,0.0,0.0
Mcemp1,0.0,0.0
Clec4g,0.0,0.0
AI182371,0.0,0.0
Cd209d,0.0,0.0
Cd209b,0.0,0.0
Fgl2,0.0,0.0
Reln,0.0,0.0
Gbx1,0.0,0.0
Asb10,0.0,0.0
Shh,0.0,0.0
Gm26894,0.0,0.0
Cd209a,0.0,0.0
Gm29895,0.0,0.0
Gm30329,0.0,0.0
Hhip,0.0,0.0
Gypa,0.0,0.0
Ucp1,0.0,0.0
Clgn,0.0,0.0
Gm19935,0.0,0.0
Gm45472,0.0,0.0
Sfrp1,0.0,0.0
Sod3,0.0,0.0
Cd209g,0.0,0.0
5330413D20Rik,0.0,0.0
Gm44786,0.0,0.0
F10,0.0,0.0
Tmem255b,0.0,0.0
Csmd1,0.0,0.0
Nek5,0.0,0.0
Gm42984,0.0,0.0
Apof,0.0,0.0
Gm47708,0.0,0.0
Lrriq1,0.0,0.0
Lin7a,0.0,0.0
Ptprq,0.0,0.0
Syt1,0.0,0.0
Caps2,0.0,0.0
Kcnmb4os2,0.0,0.0
Kcnk3,0.0,0.0
Ifng,0.0,0.0
Gli1,0.0,0.0
Inhbe,0.0,0.0
Myo1a,0.0,0.0
A2ml1,0.0,0.0
Clec2h,0.0,0.0
Klrb1c,0.0,0.0
Gm26656,0.0,0.0
Lyz1,0.0,0.0
Cpz,0.0,0.0
Crmp1,0.0,0.0
Clnk,0.0,0.0
Gm7854,0.0,0.0
Gm44067,0.0,0.0
Clec2g,0.0,0.0
Clec2e,0.0,0.0
Cd69,0.0,0.0
Apon,0.0,0.0
Clec9a,0.0,0.0
Klre1,0.0,0.0
Klrd1,0.0,0.0
Klra7,0.0,0.0
Klra3,0.0,0.0
Apold1,0.0,0.0
Gpr182,0.0,0.0
Hsd17b6,0.0,0.0
Clec1b,0.0,0.0
Gm45768,0.0,0.0
Gm17102,0.0,0.0
Siglecg,0.0,0.0
Myl2,0.0,0.0
B3gnt4,0.0,0.0
Gm13889,0.0,0.0
Pax6,0.0,0.0
Bbox1,0.0,0.0
Itgad,0.0,0.0
Gm14091,0.0,0.0
Ppp1r14d,0.0,0.0
Epb42,0.0,0.0
Slc27a5,0.0,0.0
Gm45510,0.0,0.0
Gipr,0.0,0.0
Ckm,0.0,0.0
Apoc1,0.0,0.0
Nutm1,0.0,0.0
Klk13,0.0,0.0
Klk8,0.0,0.0
Klk1b27,0.0,0.0
Klk1,0.0,0.0
Spib,0.0,0.0
Gm45669,0.0,0.0
Fgf21,0.0,0.0
Fut1,0.0,0.0
Rgs9bp,0.0,0.0
Saa1,0.0,0.0
Lypd6,0.0,0.0
Gm13546,0.0,0.0
Acvr1c,0.0,0.0
Dpp4,0.0,0.0
Dmkn,0.0,0.0
Ffar2,0.0,0.0
Gm35611,0.0,0.0
Tph1,0.0,0.0
Gm17197,0.0,0.0
Gm17767,0.0,0.0
Stat4,0.0,0.0
1700019D03Rik,0.0,0.0
Aox3,0.0,0.0
Cdk15,0.0,0.0
Jph1,0.0,0.0
4931428L18Rik,0.0,0.0
Zfp114,0.0,0.0
Scgb1a1,0.0,0.0
Pga5,0.0,0.0
Gp6,0.0,0.0
Cyp2c50,0.0,0.0
Gm28981,0.0,0.0
Sorcs1,0.0,0.0
Fgf8,0.0,0.0
Gm37623,0.0,0.0
Pde6c,0.0,0.0
Gm36159,0.0,0.0
Cd177,0.0,0.0
Tmem145,0.0,0.0
Mia,0.0,0.0
Fcgbp,0.0,0.0
Selenov,0.0,0.0
Dll3,0.0,0.0
Nccrp1,0.0,0.0
Lipf,0.0,0.0
Vwa3b,0.0,0.0
Ms4a6b,0.0,0.0
Cpa6,0.0,0.0
Pcsk5,0.0,0.0
C730002L08Rik,0.0,0.0
Tmem252,0.0,0.0
Slc1a1,0.0,0.0
Pdcd1lg2,0.0,0.0
Lgals7,0.0,0.0
Lmntd1,0.0,0.0
Gm15704,0.0,0.0
Oscar,0.0,0.0
Pira2,0.0,0.0
Tmprss11b,0.0,0.0
Tmc3,0.0,0.0
2610206C17Rik,0.0,0.0
Fam181b,0.0,0.0
Ceacam18,0.0,0.0
Chrna10,0.0,0.0
Olfr552,0.0,0.0
Olfr665,0.0,0.0
Tub,0.0,0.0
Ric3,0.0,0.0
Nrip3,0.0,0.0
Spon1,0.0,0.0
Calca,0.0,0.0
Folr1,0.0,0.0
Cpxm2,0.0,0.0
Nkx6-2,0.0,0.0
Prap1,0.0,0.0
Syce1,0.0,0.0
Ifitm6,0.0,0.0
Muc6,0.0,0.0
Trpm5,0.0,0.0
Gm15489,0.0,0.0
2010013B24Rik,0.0,0.0
Plbd1,0.0,0.0
Art4,0.0,0.0
Slco1c1,0.0,0.0
Slco1b2,0.0,0.0
Slco1a4,0.0,0.0
Slco1a1,0.0,0.0
Abcc9,0.0,0.0
St8sia1,0.0,0.0
Slc5a11,0.0,0.0
Gcg,0.0,0.0
Scn3a,0.0,0.0
Xirp2,0.0,0.0
Abcb11,0.0,0.0
Erich2,0.0,0.0
2600014E21Rik,0.0,0.0
Saa2,0.0,0.0
Csrp3,0.0,0.0
Calcb,0.0,0.0
Cers3,0.0,0.0
Adamts17,0.0,0.0
Pgpep1l,0.0,0.0
Gm44689,0.0,0.0
St8sia2,0.0,0.0
Ntrk3,0.0,0.0
Mir9-3hg,0.0,0.0
Nkg7,0.0,0.0
Siglech,0.0,0.0
B230311B06Rik,0.0,0.0
Gp2,0.0,0.0
Dnah3,0.0,0.0
Plin1,0.0,0.0
Gm21057,0.0,0.0
Fsd2,0.0,0.0
Fras1,0.0,0.0
Gm8013,0.0,0.0
Hrk,0.0,0.0
Gm43251,0.0,0.0
Gm29707,0.0,0.0
Mapk10,0.0,0.0
Asphd2,0.0,0.0
Sgsm1,0.0,0.0
Tmem119,0.0,0.0
Gm13842,0.0,0.0
Nos1,0.0,0.0
Fgf5,0.0,0.0
Ddx43,0.0,0.0
Gm27216,0.0,0.0
Cd3g,0.0,0.0
Cd3d,0.0,0.0
Cd3e,0.0,0.0
Jaml,0.0,0.0
Scn4b,0.0,0.0
Fxyd6,0.0,0.0
Iqcm,0.0,0.0
Apoc3,0.0,0.0
Apoa4,0.0,0.0
Apoa5,0.0,0.0
Nnmt,0.0,0.0
Ankk1,0.0,0.0
Gm32742,0.0,0.0
Tnfaip8l3,0.0,0.0
Tmem266,0.0,0.0
Fxyd2,0.0,0.0
Gm11250,0.0,0.0
Ifne,0.0,0.0
Elavl2,0.0,0.0
Tek,0.0,0.0
Cyp2j9,0.0,0.0
Lingo1,0.0,0.0
Gm47237,0.0,0.0
Lman1l,0.0,0.0
Gsta2,0.0,0.0
Gm49334,0.0,0.0
Slc51b,0.0,0.0
Ankdd1a,0.0,0.0
Car12,0.0,0.0
C2cd4a,0.0,0.0
Bmp5,0.0,0.0
Klhl31,0.0,0.0
Gm47818,0.0,0.0
Loxl1,0.0,0.0
Slc30a10,0.0,0.0
Guca2b,0.0,0.0
Kcnq4,0.0,0.0
Heyl,0.0,0.0
Gm12905,0.0,0.0
Rspo1,0.0,0.0
Hpca,0.0,0.0
Fam229a,0.0,0.0
Olfr873,0.0,0.0
Kdf1,0.0,0.0
Prox1,0.0,0.0
Muc16,0.0,0.0
Slitrk6,0.0,0.0
Gm49179,0.0,0.0
Gm49035,0.0,0.0
Timm8a2,0.0,0.0
Itgbl1,0.0,0.0
Fam167b,0.0,0.0
S1pr5,0.0,0.0
Tbx20,0.0,0.0
Opcml,0.0,0.0
Adamts8,0.0,0.0
Fez1,0.0,0.0
Vsig2,0.0,0.0
Nrgn,0.0,0.0
AW551984,0.0,0.0
Gm38251,0.0,0.0
Scn3b,0.0,0.0
Bsx,0.0,0.0
Thy1,0.0,0.0
Cxcr5,0.0,0.0
BC049987,0.0,0.0
Gm30934,0.0,0.0
Gm37306,0.0,0.0
Coq8a,0.0,0.0
Olfr986,0.0,0.0
Gdf3,0.0,0.0
Clec4b2,0.0,0.0
Ncf1,0.0,0.0
Cldn4,0.0,0.0
Cldn3,0.0,0.0
Ccl24,0.0,0.0
Upk3b,0.0,0.0
Vgf,0.0,0.0
Brinp1,0.0,0.0
Lyzl4,0.0,0.0
Hhatl,0.0,0.0
Cxcr6,0.0,0.0
Xcr1,0.0,0.0
Acaa1b,0.0,0.0
Myrip,0.0,0.0
Dpt,0.0,0.0
Xcl1,0.0,0.0
Muc3,0.0,0.0
Ccr2,0.0,0.0
Ccr5,0.0,0.0
Myl7,0.0,0.0
Tcf15,0.0,0.0
6820408C15Rik,0.0,0.0
Il1rl1,0.0,0.0
Gm12530,0.0,0.0
Palm2,0.0,0.0
Klrg1,0.0,0.0
Mup3,0.0,0.0
Bspry,0.0,0.0
4933430I17Rik,0.0,0.0
Orm1,0.0,0.0
Orm2,0.0,0.0
Tnfsf8,0.0,0.0
Nacad,0.0,0.0
Mug1,0.0,0.0
Mup20,0.0,0.0
Gm28959,0.0,0.0
Gpr62,0.0,0.0
Tmem89,0.0,0.0
Camp,0.0,0.0
Ngp,0.0,0.0
Prss46,0.0,0.0
Rtp3,0.0,0.0
Elovl4,0.0,0.0
Gm37469,0.0,0.0
Gm48832,0.0,0.0
Bcl2a1d,0.0,0.0
Rasgrf1,0.0,0.0
BC043934,0.0,0.0
Clstn2,0.0,0.0
Esyt3,0.0,0.0
Nme9,0.0,0.0
Pappa,0.0,0.0
Gm36278,0.0,0.0
Mpz,0.0,0.0
Pcp4l1,0.0,0.0
Tstd1,0.0,0.0
Casq1,0.0,0.0
Gm34425,0.0,0.0
Cck,0.0,0.0
Cxcl12,0.0,0.0
Ret,0.0,0.0
Col6a5,0.0,0.0
A2m,0.0,0.0
0610025J13Rik,0.0,0.0
0610043K17Rik,0.0,0.0
C8a,0.0,0.0
Gpx7,0.0,0.0
Cfap57,0.0,0.0
Ky,0.0,0.0
Col6a6,0.0,0.0
Slc6a12,0.0,0.0
Angptl7,0.0,0.0
Strc,0.0,0.0
Terb2,0.0,0.0
Duox2,0.0,0.0
Fbn1,0.0,0.0
Hdc,0.0,0.0
Astl,0.0,0.0
Adra2b,0.0,0.0
Mmp12,0.0,0.0
Necab2,0.0,0.0
Gm26739,0.0,0.0
Dpep1,0.0,0.0
Acta1,0.0,0.0
Pgbd5,0.0,0.0
Capn9,0.0,0.0
Gm32200,0.0,0.0
Gm16897,0.0,0.0
Gm16118,0.0,0.0
Zfp853,0.0,0.0
Map3k21,0.0,0.0
Gm16741,0.0,0.0
Dnase1l3,0.0,0.0
Lrrc3b,0.0,0.0
Myoz1,0.0,0.0
Dupd1,0.0,0.0
Kcnma1,0.0,0.0
Gm26624,0.0,0.0
Itih1,0.0,0.0
Gdf10,0.0,0.0
Gdf2,0.0,0.0
Ldb3,0.0,0.0
Mat1a,0.0,0.0
Sftpa1,0.0,0.0
Gm49083,0.0,0.0
Ear1,0.0,0.0
Itih3,0.0,0.0
Tmem88b,0.0,0.0
Tnfrsf4,0.0,0.0
Speer4e,0.0,0.0
Gm21083,0.0,0.0
Hgf,0.0,0.0
Speer4f1,0.0,0.0
Cd36,0.0,0.0
Ccl22,0.0,0.0
Itih5,0.0,0.0
Adgrg3,0.0,0.0
Hpgd,0.0,0.0
Spock3,0.0,0.0
Cilp2,0.0,0.0
Comp,0.0,0.0
Gm35256,0.0,0.0
Olfr372,0.0,0.0
Isx,0.0,0.0
Ccl17,0.0,0.0
Sfmbt2,0.0,0.0
8030442B05Rik,0.0,0.0
Gm10851,0.0,0.0
Itga8,0.0,0.0
Cdh11,0.0,0.0
Cdh5,0.0,0.0
Cdh16,0.0,0.0
Ces3a,0.0,0.0
Cfap74,0.0,0.0
Chst4,0.0,0.0
Cntnap4,0.0,0.0
4933408N05Rik,0.0,0.0
Ctrc,0.0,0.0
Capns2,0.0,0.0
Slc6a2,0.0,0.0
Ces1d,0.0,0.0
Gm13067,0.0,0.0
Tat,0.0,0.0
Gm4632,0.0,0.0
Kbtbd6,0.0,0.0
Cnmd,0.0,0.0
Olfm4,0.0,0.0
Acod1,0.0,0.0
Slain1,0.0,0.0
5430440P10Rik,0.0,0.0
Gm36107,0.0,0.0
Rbakdn,0.0,0.0
Nuggc,0.0,0.0
Adam2,0.0,0.0
Lin28a,0.0,0.0
Cd52,0.0,0.0
Slc30a2,0.0,0.0
Stpg1,0.0,0.0
Gm13010,0.0,0.0
Pla2g2d,0.0,0.0
Pnoc,0.0,0.0
Mmp8,0.0,0.0
Mmp7,0.0,0.0
Gm16485,0.0,0.0
Vsig8,0.0,0.0
Apcs,0.0,0.0
Ackr1,0.0,0.0
Cadm3,0.0,0.0
Olfr433,0.0,0.0
Gm48969,0.0,0.0
Rgs7,0.0,0.0
Stmn4,0.0,0.0
AC166061.1,0.0,0.0
Nefl,0.0,0.0
Adamdec1,0.0,0.0
Synb,0.0,0.0
Sftpc,0.0,0.0
Cpb2,0.0,0.0
Spta1,0.0,0.0
Ctsg,0.0,0.0
Atp12a,0.0,0.0
Gm16573,0.0,0.0
Tnfrsf19,0.0,0.0
Ang5,0.0,0.0
Ear2,0.0,0.0
Gm48975,0.0,0.0
Gm48935,0.0,0.0
Pla2g5,0.0,0.0
Ear6,0.0,0.0
Slc39a2,0.0,0.0
Olfr221,0.0,0.0
Fitm1,0.0,0.0
Ltb4r1,0.0,0.0
Gm40348,0.0,0.0
Muc3a,0.0,0.0
Gm15498,0.0,0.0
Ang4,0.0,0.0
Pla2g2e,0.0,0.0
Klhdc7a,0.0,0.0
Padi3,0.0,0.0
Gm13031,0.0,0.0
Mfap2,0.0,0.0
Gm13074,0.0,0.0
Nptx2,0.0,0.0
Cyp3a11,0.0,0.0
Cma1,0.0,0.0
Clec4e,0.0,0.0
Cd163,0.0,0.0
Clstn3,0.0,0.0
Gm20531,0.0,0.0
Lrrc23,0.0,0.0
Vwf,0.0,0.0
Kcna1,0.0,0.0
Fgf23,0.0,0.0
Clec4d,0.0,0.0
